{
  "products": [
    {
      "id": 4,
      "name": "White and mustard men's",
      "description": "Large",
      "price": "500"
    },
    {
      "id": 5,
      "name": "Navy men's formal ",
      "description": "Large",
      "price": "500"
    },
    {
      "name": "Khaki men's casual crew",
      "description": "small",
      "price": "45",
      "id": 6
    },
    {
      "name": "Navy and black men's ca",
      "description": "small",
      "price": "20",
      "id": 7
    },
    {
      "name": "Pink men's casual crew ",
      "description": "small",
      "price": "3444",
      "id": 8
    },
    {
      "name": "White and mustard men's",
      "description": "small",
      "price": "500",
      "id": 9
    },
    {
      "name": "Navy men's formal ",
      "description": "small",
      "price": "500",
      "id": 10
    },
    {
      "name": "Tshirt",
      "description": "spiderman",
      "price": "232",
      "id": 11
    },
    {
      "name": "hhh",
      "description": "hhh",
      "price": "10",
      "id": 12
    },
    {
      "name": "giresh",
      "description": "spider man",
      "price": "1",
      "id": 13
    }
  ]
}