{
  "products": [
    {
      "id": 1,
      "name": "Blue Formal shirt",
      "description": "Formal shirts",
      "price": 9
    },
    {
      "id": 2,
      "name": "Blue Formal shirt",
      "description": "Formal shirts",
      "price": 9
    },
    {
      "id": 3,
      "name": "Blue Formal shirt",
      "description": "Formal shirts",
      "price": 9
    },
    {
      "id": 4,
      "name": "Blue Formal shirt",
      "description": "Formal shirts",
      "price": 9
    },
    {
      "id": 5,
      "name": "Blue Formal shirt",
      "description": "Formal shirts",
      "price": 9
    },
    {
      "id": "6",
      "name": "gfg",
      "description": "ghghg",
      "price": "ggghg"
    },
    {
      "id": "7",
      "name": "fgfhg",
      "description": "gg",
      "price": "ghghg"
    },
    {
      "id": "8",
      "name": "girish",
      "description": "hjjgkh",
      "price": "100"
    },
    {
      "id": "lR1pgSx",
      "name": "",
      "description": "",
      "price": ""
    },
    {
      "id": "9",
      "name": "bfdfd",
      "description": "kkkk",
      "price": "100"
    },
    {
      "id": "11",
      "name": "fjjf",
      "description": "jlkljl",
      "price": "11"
    },
    {
      "id": "12",
      "name": "ffjj",
      "description": "kjhkh",
      "price": "jhhh"
    },
    {
      "id": "19",
      "name": "jkojkj",
      "description": "jljlj",
      "price": "jljljlj"
    },
    {
      "id": "16",
      "name": "jhh",
      "description": "hkjhh",
      "price": "hkhkh"
    },
    {
      "id": "15",
      "name": "dkk",
      "description": "kkkk",
      "price": "kkkkk"
    },
    {
      "id": "14",
      "name": "yhhh",
      "description": "hhh",
      "price": "100"
    }
  ]
}